{"name":"build-javascript","namedChunkGroups":{"polyfill":{"name":"polyfill","assets":[{"name":"webpack-runtime-81a0155c5445991f0a3f.js","size":3893},{"name":"polyfill-82df740e7cad994d0af0.js","size":85870}],"filteredAssets":0,"assetsSize":89763,"filteredAuxiliaryAssets":2,"auxiliaryAssetsSize":223785},"app":{"name":"app","assets":[{"name":"webpack-runtime-81a0155c5445991f0a3f.js","size":3893},{"name":"framework-1faf439dca5f674a9749.js","size":128767},{"name":"app-ca63f5ea6d4adebae0d3.js","size":316020}],"filteredAssets":0,"assetsSize":448680,"filteredAuxiliaryAssets":3,"auxiliaryAssetsSize":1586828},"component---src-pages-404-tsx":{"name":"component---src-pages-404-tsx","assets":[{"name":"component---src-pages-404-tsx-03d124010afa2f354e12.js","size":346}],"filteredAssets":0,"assetsSize":346,"filteredAuxiliaryAssets":1,"auxiliaryAssetsSize":342},"component---src-pages-about-tsx":{"name":"component---src-pages-about-tsx","assets":[{"name":"component---src-pages-about-tsx-5c9e83f946e3dffd0057.js","size":347}],"filteredAssets":0,"assetsSize":347,"filteredAuxiliaryAssets":1,"auxiliaryAssetsSize":344},"component---src-pages-index-tsx":{"name":"component---src-pages-index-tsx","assets":[{"name":"component---src-pages-index-tsx-ea1497daa03f7f9aa5c5.js","size":531}],"filteredAssets":0,"assetsSize":531,"filteredAuxiliaryAssets":1,"auxiliaryAssetsSize":949},"component---src-templates-cara-tsx":{"name":"component---src-templates-cara-tsx","assets":[{"name":"component---src-templates-cara-tsx-b760d2c66bc39ebd900e.js","size":314}],"filteredAssets":0,"assetsSize":314,"filteredAuxiliaryAssets":1,"auxiliaryAssetsSize":345}},"assetsByChunkName":{"polyfill":["webpack-runtime-81a0155c5445991f0a3f.js","polyfill-82df740e7cad994d0af0.js"],"app":["webpack-runtime-81a0155c5445991f0a3f.js","framework-1faf439dca5f674a9749.js","app-ca63f5ea6d4adebae0d3.js"],"component---src-pages-404-tsx":["component---src-pages-404-tsx-03d124010afa2f354e12.js"],"component---src-pages-about-tsx":["component---src-pages-about-tsx-5c9e83f946e3dffd0057.js"],"component---src-pages-index-tsx":["component---src-pages-index-tsx-ea1497daa03f7f9aa5c5.js"],"component---src-templates-cara-tsx":["component---src-templates-cara-tsx-b760d2c66bc39ebd900e.js"]},"childAssetsByChunkName":{}}